date,price_mean,price_median,n_obs
1901-01-01,339000.0,339000.0,1
1904-03-01,249900.0,249900.0,1
1905-07-01,405000.0,405000.0,1
1906-10-01,345000.0,345000.0,1
1909-01-01,85900.0,85900.0,1
1909-03-01,450000.0,450000.0,1
1910-01-01,269000.0,269000.0,1
1926-11-01,599999.0,599999.0,1
1928-03-01,1127500.0,1127500.0,1
1935-08-01,135900.0,135900.0,1
1939-11-01,145000.0,145000.0,1
1941-09-01,164000.0,164000.0,1
1949-03-01,429900.0,429900.0,1
1950-04-01,450000.0,450000.0,1
1950-08-01,140000.0,140000.0,1
1950-10-01,125000.0,125000.0,1
1951-11-01,125000.0,125000.0,1
1952-06-01,139900.0,139900.0,1
1952-09-01,322450.0,322450.0,2
1952-10-01,425000.0,425000.0,1
1952-12-01,649900.0,649900.0,1
1953-01-01,145000.0,145000.0,1
1954-07-01,365000.0,365000.0,1
1954-09-01,330000.0,330000.0,1
1954-11-01,339900.0,339900.0,1
1955-02-01,527900.0,527900.0,1
1955-03-01,312000.0,312000.0,2
1955-04-01,150000.0,150000.0,1
1955-05-01,450000.0,450000.0,1
1955-07-01,189000.0,189000.0,1
1956-04-01,193500.0,193500.0,2
1956-07-01,175000.0,175000.0,1
1956-10-01,250000.0,250000.0,1
1956-11-01,287003.0,287003.0,1
1956-12-01,110000.0,110000.0,1
1957-01-01,350000.0,350000.0,1
1957-04-01,130000.0,130000.0,1
1957-07-01,315000.0,315000.0,1
1957-09-01,749900.0,749900.0,1
1957-10-01,1127500.0,1127500.0,1
1957-12-01,274950.0,274950.0,1
1958-03-01,219900.0,219900.0,2
1958-04-01,1127500.0,1127500.0,1
1958-06-01,260000.0,260000.0,1
1958-09-01,424500.0,424500.0,2
1958-11-01,297475.0,235000.0,4
1959-01-01,228266.66666666666,239900.0,3
1959-02-01,149950.0,149950.0,1
1959-03-01,125000.0,125000.0,1
1959-04-01,289450.0,289450.0,2
1959-06-01,245000.0,245000.0,1
1959-07-01,199950.0,199950.0,1
1959-10-01,60000.0,60000.0,1
1959-11-01,205000.0,205000.0,1
1960-01-01,312000.0,312000.0,2
1960-03-01,613500.0,613500.0,2
1960-05-01,32500.0,32500.0,1
1960-06-01,1127500.0,1127500.0,1
1960-07-01,242950.0,242950.0,2
1960-10-01,184900.0,184900.0,1
1960-11-01,185000.0,185000.0,1
1961-01-01,19900.0,19900.0,1
1961-04-01,1063150.0,1063150.0,2
1961-05-01,524750.0,524750.0,1
1961-06-01,675000.0,675000.0,2
1961-07-01,129900.0,129900.0,1
1961-08-01,302500.0,302500.0,2
1961-09-01,360783.3333333333,485000.0,3
1961-11-01,349900.0,349900.0,1
1962-01-01,280950.0,280950.0,2
1962-03-01,215000.0,215000.0,2
1962-04-01,74900.0,74900.0,1
1962-06-01,199950.0,199950.0,1
1962-07-01,365225.0,287450.0,4
1962-08-01,314200.0,330000.0,5
1962-09-01,239900.0,239900.0,1
1962-10-01,243725.0,249950.0,4
1962-11-01,152500.0,152500.0,2
1962-12-01,17500.0,17500.0,1
1963-01-01,324500.0,324500.0,2
1963-02-01,259450.0,236950.0,4
1963-03-01,350000.0,350000.0,1
1963-04-01,85000.0,85000.0,2
1963-05-01,25000.0,25000.0,1
1963-06-01,259242.85714285713,175800.0,7
1963-07-01,456666.6666666667,450000.0,3
1963-08-01,451945.0,451945.0,2
1963-09-01,427142.85714285716,210000.0,7
1963-10-01,550625.0,407500.0,4
1963-11-01,1127500.0,1127500.0,1
1963-12-01,370960.0,320000.0,5
1964-01-01,380660.0,298500.0,5
1964-02-01,159900.0,159900.0,1
1964-03-01,80900.0,80900.0,1
1964-04-01,339480.0,180000.0,5
1964-05-01,849000.0,849000.0,1
1964-06-01,619580.0,542000.0,10
1964-07-01,794000.0,822500.0,6
1964-08-01,777400.0,837200.0,6
1964-09-01,617316.6666666666,649500.0,6
1964-10-01,940590.0,1046250.0,6
1964-11-01,565480.0,429900.0,5
1964-12-01,544981.25,579950.0,8
1965-01-01,691085.7142857143,642500.0,14
1965-02-01,560380.0,499000.0,5
1965-03-01,573980.0,309900.0,5
1965-04-01,725000.0,750000.0,3
1965-05-01,595299.8,535000.0,5
1965-06-01,461328.5714285714,180000.0,7
1965-07-01,476200.25,562450.0,4
1965-08-01,660000.0,660000.0,1
1965-09-01,417314.28571428574,250000.0,7
1965-10-01,723071.2857142857,759000.0,7
1965-11-01,332666.6666666667,312000.0,6
1965-12-01,1127500.0,1127500.0,1
1966-01-01,473266.6666666667,529900.0,3
1966-02-01,535475.0,588500.0,4
1966-03-01,533860.0,399900.0,5
1966-04-01,70000.0,70000.0,1
1966-05-01,445499.875,405000.0,8
1966-06-01,610557.1428571428,395000.0,7
1966-07-01,658800.0,449000.0,3
1966-08-01,896666.6666666666,1127500.0,3
1966-09-01,400025.0,265000.0,5
1966-10-01,859133.3333333334,850000.0,3
1966-11-01,613391.6666666666,549975.0,6
1966-12-01,787300.0,795000.0,5
1967-01-01,452037.6,435500.0,5
1967-02-01,611424.875,581499.5,8
1967-03-01,587811.5,574500.0,6
1967-04-01,726822.2222222222,799900.0,9
1967-05-01,759857.1428571428,1127500.0,7
1967-06-01,709500.0,589000.0,7
1967-07-01,773778.5714285715,900000.0,7
1967-08-01,697615.3076923077,775000.0,13
1967-09-01,538140.8333333334,574950.0,12
1967-10-01,879835.7142857143,895000.0,7
1967-11-01,880700.0,1127500.0,7
1967-12-01,938800.0,1100000.0,5
1968-01-01,637400.0,667200.0,8
1968-02-01,695950.0,704000.0,10
1968-03-01,866666.6666666666,1127500.0,3
1968-04-01,642344.4444444445,479900.0,9
1968-05-01,813906.25,822000.0,8
1968-06-01,588063.6363636364,530000.0,11
1968-07-01,701140.0,782500.0,20
1968-08-01,697714.4615384615,779000.0,13
1968-09-01,559425.0,555000.0,16
1968-10-01,428671.4285714286,400000.0,7
1968-11-01,395542.85714285716,320000.0,7
1968-12-01,853326.8571428572,1050888.0,7
1969-01-01,514776.6666666667,390000.0,6
1969-02-01,671233.3333333334,752500.0,6
1969-03-01,449090.0,312500.0,10
1969-04-01,428218.5,413375.0,8
1969-05-01,586250.0,586250.0,4
1969-06-01,572364.7647058824,420000.0,17
1969-07-01,444990.0,582500.0,10
1969-08-01,585052.1111111111,589894.0,18
1969-09-01,729045.0,1038750.0,10
1969-10-01,730890.8181818182,899999.0,11
1969-11-01,640790.0,619500.0,10
1969-12-01,617403.3333333334,661975.0,12
1970-01-01,638227.2727272727,665000.0,11
1970-02-01,551154.5454545454,369900.0,11
1970-03-01,826291.5,912500.0,12
1970-04-01,466491.0714285714,522500.0,14
1970-05-01,463440.0,249950.0,10
1970-06-01,664622.3,604473.0,20
1970-07-01,539690.6666666666,492500.0,12
1970-08-01,419907.6153846154,339900.0,13
1970-09-01,701988.8888888889,697450.0,18
1970-10-01,384977.2727272727,298950.0,22
1970-11-01,470013.3333333333,292500.0,15
1970-12-01,686077.2727272727,770000.0,11
1971-01-01,516386.6,399900.0,15
1971-02-01,554113.6363636364,499000.0,11
1971-03-01,616724.0322580645,678000.0,31
1971-04-01,536890.8636363636,462249.5,22
1971-05-01,559143.7777777778,412000.0,18
1971-06-01,618503.2142857143,587450.0,28
1971-07-01,606837.5,661950.0,24
1971-08-01,687903.4347826086,650000.0,23
1971-09-01,474346.6666666667,380975.0,24
1971-10-01,557833.2777777778,525000.0,18
1971-11-01,556159.34375,399950.0,32
1971-12-01,690495.0,650000.0,20
1972-01-01,661512.4375,619950.0,16
1972-02-01,534605.5,493000.0,18
1972-03-01,421466.625,242450.0,24
1972-04-01,555208.1904761905,455000.0,21
1972-05-01,623429.0689655172,579900.0,29
1972-06-01,584173.8076923077,529499.5,52
1972-07-01,561664.1176470588,487500.0,34
1972-08-01,621551.0,624450.0,36
1972-09-01,610694.5641025641,599500.0,39
1972-10-01,512485.71428571426,487000.0,28
1972-11-01,599587.5,599000.0,24
1972-12-01,504362.5,395000.0,32
1973-01-01,671961.8571428572,575000.0,21
1973-02-01,536790.8636363636,387000.0,22
1973-03-01,497682.6896551724,340000.0,29
1973-04-01,679675.7,644750.0,40
1973-05-01,565793.1891891892,549000.0,37
1973-06-01,630488.1333333333,650000.0,60
1973-07-01,582021.7173913043,539500.0,46
1973-08-01,654019.696969697,650000.0,33
1973-09-01,581585.6666666666,525000.0,21
1973-10-01,397527.71875,212500.0,32
1973-11-01,499020.3703703704,380000.0,27
1973-12-01,612181.9444444445,555000.0,36
1974-01-01,555257.8947368421,399900.0,19
1974-02-01,546047.695652174,490000.0,23
1974-03-01,661228.5714285715,699000.0,21
1974-04-01,521713.3333333333,439250.0,30
1974-05-01,528727.3636363636,349999.0,33
1974-06-01,669480.303030303,770000.0,33
1974-07-01,604725.4074074074,575000.0,27
1974-08-01,548624.96875,409700.0,32
1974-09-01,560351.8837209302,499900.0,43
1974-10-01,451990.488372093,384900.0,43
1974-11-01,341478.0,175000.0,25
1974-12-01,583885.074074074,449900.0,27
1975-01-01,629095.08,649000.0,25
1975-02-01,610113.6363636364,464500.0,22
1975-03-01,594151.3125,617000.0,16
1975-04-01,667781.25,742450.0,16
1975-05-01,588521.6666666666,580000.0,30
1975-06-01,539739.5925925926,417450.0,54
1975-07-01,533413.5227272727,509950.0,44
1975-08-01,503850.92307692306,365000.0,52
1975-09-01,536617.6176470588,375000.0,34
1975-10-01,597228.125,677450.0,32
1975-11-01,614226.6,620000.0,30
1975-12-01,546501.9583333334,467000.0,48
1976-01-01,405913.7586206897,339900.0,29
1976-02-01,513986.4516129032,439000.0,31
1976-03-01,626527.2352941176,628638.5,34
1976-04-01,794129.7,964450.0,40
1976-05-01,610721.8409090909,587475.0,44
1976-06-01,555831.2280701754,429000.0,57
1976-07-01,588985.2272727273,499500.0,44
1976-08-01,650859.21875,587000.0,64
1976-09-01,565197.3076923077,502000.0,52
1976-10-01,416538.09523809527,334900.0,42
1976-11-01,584732.276923077,494900.0,65
1976-12-01,653831.5,624750.0,46
1977-01-01,658046.3181818182,657000.0,44
1977-02-01,498268.9069767442,410000.0,43
1977-03-01,617626.0188679246,525000.0,53
1977-04-01,651859.0,649950.0,54
1977-05-01,538137.4821428572,449900.0,56
1977-06-01,554443.8524590164,450000.0,61
1977-07-01,556217.0689655172,521000.0,58
1977-08-01,541229.0588235294,445000.0,68
1977-09-01,475136.56603773584,349000.0,53
1977-10-01,455308.06976744183,339900.0,43
1977-11-01,588796.3272727273,590000.0,55
1977-12-01,537546.3088235294,435000.0,68
1978-01-01,556985.1666666666,474500.0,54
1978-02-01,518242.82692307694,412500.0,52
1978-03-01,447498.6041666667,389950.0,48
1978-04-01,489861.6964285714,365500.0,56
1978-05-01,498759.0779220779,449900.0,77
1978-06-01,507003.3617021277,462000.0,94
1978-07-01,536328.3815789474,454950.0,76
1978-08-01,516306.20930232556,405000.0,86
1978-09-01,556880.2142857143,540000.0,84
1978-10-01,553487.4571428571,509975.0,70
1978-11-01,473437.0,400000.0,77
1978-12-01,510781.9761904762,389450.0,84
1979-01-01,563016.9154929577,510000.0,71
1979-02-01,520062.131147541,419900.0,61
1979-03-01,465218.23529411765,327450.0,68
1979-04-01,521227.5970149254,465000.0,67
1979-05-01,520601.4731182796,449900.0,93
1979-06-01,480908.6373626374,399999.0,91
1979-07-01,472777.652173913,399900.0,92
1979-08-01,437017.73913043475,410000.0,115
1979-09-01,566978.8591549295,499000.0,71
1979-10-01,446921.8048780488,374450.0,82
1979-11-01,479475.8620689655,349950.0,58
1979-12-01,558124.5522388059,495000.0,67
1980-01-01,309608.4946236559,235000.0,93
1980-02-01,304812.59210526315,155600.0,76
1980-03-01,402298.9591836735,349000.0,49
1980-04-01,472966.4918032787,319900.0,61
1980-05-01,408923.46376811597,310000.0,69
1980-06-01,361855.5094339623,299000.0,53
1980-07-01,419732.3787878788,359925.0,66
1980-08-01,537546.3580246913,500000.0,81
1980-09-01,527484.6744186047,490000.0,86
1980-10-01,475876.4137931034,359900.0,87
1980-11-01,515270.921875,422500.0,64
1980-12-01,410009.57692307694,337250.0,52
1981-01-01,528935.125,387000.0,64
1981-02-01,473042.4166666667,339025.0,60
1981-03-01,370207.873015873,260000.0,63
1981-04-01,441438.5657894737,358500.0,76
1981-05-01,434027.447761194,324900.0,67
1981-06-01,430537.13095238095,354950.0,84
1981-07-01,485641.6875,397500.0,80
1981-08-01,396484.74576271186,330000.0,59
1981-09-01,375853.32,249000.0,75
1981-10-01,496917.27777777775,394250.0,72
1981-11-01,461029.641509434,380000.0,53
1981-12-01,343507.6769230769,249000.0,65
1982-01-01,335148.6,239900.0,45
1982-02-01,479089.3125,381950.0,48
1982-03-01,391653.3793103448,304950.0,58
1982-04-01,425063.38181818184,299000.0,55
1982-05-01,455225.51923076925,294925.0,52
1982-06-01,456079.3157894737,380000.0,57
1982-07-01,485644.82089552237,329900.0,67
1982-08-01,451203.5142857143,312450.0,70
1982-09-01,380712.4464285714,299499.5,56
1982-10-01,345114.71014492755,245000.0,69
1982-11-01,414725.9193548387,337500.0,62
1982-12-01,496678.43076923076,399000.0,65
1983-01-01,396271.2698412698,295000.0,63
1983-02-01,401098.0,282499.5,56
1983-03-01,454290.87012987013,355000.0,77
1983-04-01,460014.9418604651,349950.0,86
1983-05-01,443226.86075949366,349900.0,79
1983-06-01,462207.29411764705,375000.0,102
1983-07-01,436123.0,374950.0,106
1983-08-01,481313.14285714284,375000.0,119
1983-09-01,476797.5,374500.0,100
1983-10-01,454724.9605263158,344500.0,76
1983-11-01,476041.8777777778,367000.0,90
1983-12-01,488360.193877551,399000.0,98
1984-01-01,479285.3734939759,342000.0,83
1984-02-01,517340.09411764704,425000.0,85
1984-03-01,420655.67045454547,367000.0,88
1984-04-01,425372.73333333334,349900.0,105
1984-05-01,502638.83720930235,365000.0,129
1984-06-01,459144.0544217687,350000.0,147
1984-07-01,504189.0634920635,354950.0,126
1984-08-01,453959.67741935485,350000.0,124
1984-09-01,464715.08860759495,349000.0,79
1984-10-01,484512.0975609756,349900.0,123
1984-11-01,442336.0535714286,349900.0,112
1984-12-01,456560.56382978725,399450.0,94
1985-01-01,458470.14705882355,369950.0,102
1985-02-01,502745.50980392157,429950.0,102
1985-03-01,513987.4857142857,449000.0,105
1985-04-01,502667.037593985,405000.0,133
1985-05-01,417572.464,299900.0,125
1985-06-01,465077.8154761905,390000.0,168
1985-07-01,543352.6402439025,455000.0,164
1985-08-01,514540.34920634923,395000.0,189
1985-09-01,450849.90967741935,325000.0,155
1985-10-01,493038.8010471204,409000.0,191
1985-11-01,479618.3154362416,375000.0,149
1985-12-01,517677.4756097561,427450.0,164
1986-01-01,522273.3007518797,425900.0,133
1986-02-01,475180.9646017699,350000.0,113
1986-03-01,433602.3103448276,365000.0,145
1986-04-01,465735.10294117645,389949.5,136
1986-05-01,483165.4748603352,399900.0,179
1986-06-01,525089.8118811881,405750.0,202
1986-07-01,496017.600877193,412000.0,228
1986-08-01,524905.0862068966,437500.0,232
1986-09-01,470654.40178571426,376750.0,224
1986-10-01,473494.1569506726,389900.0,223
1986-11-01,500629.0362694301,425000.0,193
1986-12-01,538716.5960264901,450000.0,302
1987-01-01,457894.5714285714,365000.0,161
1987-02-01,453305.0159574468,399900.0,188
1987-03-01,448957.6462264151,359950.0,212
1987-04-01,508179.0686695279,401000.0,233
1987-05-01,455861.52765957447,375000.0,235
1987-06-01,508336.6740740741,399450.0,270
1987-07-01,539763.0636042403,450000.0,283
1987-08-01,467527.8377358491,375000.0,265
1987-09-01,478309.3956521739,397499.5,230
1987-10-01,494635.68376068375,377500.0,234
1987-11-01,497477.83490566036,409500.0,212
1987-12-01,491963.08294930874,410000.0,217
1988-01-01,455327.1420765027,349950.0,183
1988-02-01,480144.4142011834,374900.0,169
1988-03-01,471648.62025316455,349900.0,237
1988-04-01,489909.24,399900.0,225
1988-05-01,484911.29433962266,375000.0,265
1988-06-01,473266.8850574713,400000.0,261
1988-07-01,437690.0894941634,345000.0,257
1988-08-01,496712.6655172414,399900.0,290
1988-09-01,481249.99649122806,390000.0,285
1988-10-01,470504.2945736434,374950.0,258
1988-11-01,514197.1328125,439900.0,256
1988-12-01,458068.6230769231,349450.0,260
1989-01-01,470839.7875647668,379000.0,193
1989-02-01,441332.0218579235,339933.0,183
1989-03-01,451732.47955390334,379000.0,269
1989-04-01,482040.1906779661,375000.0,236
1989-05-01,432968.8858131488,370000.0,289
1989-06-01,418931.74760383385,339000.0,313
1989-07-01,470212.1935483871,395000.0,248
1989-08-01,481832.7460815047,409000.0,319
1989-09-01,454951.03007518797,362885.0,266
1989-10-01,459924.8198529412,379450.0,272
1989-11-01,485383.24832214764,409500.0,298
1989-12-01,478652.7640845071,367500.0,284
1990-01-01,445669.9783549784,349000.0,231
1990-02-01,463203.98630136985,399900.0,219
1990-03-01,433506.3118971061,364900.0,311
1990-04-01,460445.1757188498,360000.0,313
1990-05-01,445087.7483870968,369900.0,310
1990-06-01,456663.2578397213,399900.0,287
1990-07-01,483022.5589225589,389000.0,297
1990-08-01,448411.61027190334,375000.0,331
1990-09-01,422632.1012145749,315000.0,247
1990-10-01,468262.6039215686,365000.0,255
1990-11-01,434911.35193133046,349900.0,233
1990-12-01,436612.55721393035,350000.0,201
1991-01-01,447082.0462427746,359000.0,173
1991-02-01,469522.15568862273,379900.0,167
1991-03-01,484560.0818965517,390950.0,232
1991-04-01,441189.64705882355,342400.0,238
1991-05-01,475410.3079096045,371400.0,354
1991-06-01,482792.2338129496,399250.0,278
1991-07-01,484319.9205882353,399000.0,340
1991-08-01,454770.0294117647,379000.0,306
1991-09-01,460068.5326086957,385500.0,276
1991-10-01,464305.4516129032,387000.0,310
1991-11-01,457622.83402489626,349900.0,241
1991-12-01,416990.2363636364,322900.0,275
1992-01-01,502446.41784037556,409000.0,213
1992-02-01,456447.3658536585,360000.0,205
1992-03-01,485246.94921875,384450.0,256
1992-04-01,483628.23154362413,382500.0,298
1992-05-01,495820.55445544556,395000.0,303
1992-06-01,491556.9226361032,399000.0,349
1992-07-01,481293.3134328358,400000.0,335
1992-08-01,470309.63173652696,396700.0,334
1992-09-01,480695.1064516129,385000.0,310
1992-10-01,493402.6258064516,381500.0,310
1992-11-01,516460.4779661017,449000.0,295
1992-12-01,499928.1281337047,424900.0,359
1993-01-01,477433.8509090909,385999.0,275
1993-02-01,452015.13973799127,350000.0,229
1993-03-01,466263.118902439,387450.0,328
1993-04-01,481233.1924290221,395000.0,317
1993-05-01,460559.8959537572,382450.0,346
1993-06-01,459645.12873563217,365000.0,435
1993-07-01,500625.0812807882,422400.0,406
1993-08-01,473650.6516587678,387000.0,422
1993-09-01,479132.62621359224,382500.0,412
1993-10-01,453538.13098236773,365000.0,397
1993-11-01,459773.2611940298,357450.0,402
1993-12-01,449368.85555555555,350000.0,450
1994-01-01,486011.25157232705,404500.0,318
1994-02-01,475323.29375,376191.0,320
1994-03-01,484662.7373493976,399000.0,415
1994-04-01,476758.93087557604,383450.0,434
1994-05-01,472015.6352201258,379500.0,477
1994-06-01,462081.4174573055,363000.0,527
1994-07-01,462925.19696969696,377450.0,462
1994-08-01,423284.91603053437,337000.0,524
1994-09-01,483096.94407158834,395000.0,447
1994-10-01,432182.74047619046,319450.0,420
1994-11-01,436381.18733509234,350000.0,379
1994-12-01,499813.32589285716,399950.0,448
1995-01-01,460795.88291139243,350000.0,316
1995-02-01,445324.15806451614,350000.0,310
1995-03-01,438351.90845070424,325000.0,426
1995-04-01,449268.03141361254,347000.0,382
1995-05-01,457482.15311004786,349900.0,418
1995-06-01,468855.60869565216,375500.0,483
1995-07-01,478946.1317647059,389000.0,425
1995-08-01,475536.12115384615,375000.0,520
1995-09-01,454144.1340425532,374945.0,470
1995-10-01,481532.93023255817,392500.0,430
1995-11-01,433015.46860986546,349900.0,446
1995-12-01,463261.320754717,379450.0,424
1996-01-01,478344.388101983,375000.0,353
1996-02-01,483952.5230769231,399000.0,390
1996-03-01,514622.26960784313,432700.0,408
1996-04-01,469999.70140280563,389000.0,499
1996-05-01,455943.7440585009,349000.0,547
1996-06-01,470304.1516966068,359900.0,501
1996-07-01,484871.0352112676,398485.0,568
1996-08-01,493657.86738351255,399000.0,558
1996-09-01,461953.1646090535,374995.0,486
1996-10-01,452227.96428571426,379000.0,532
1996-11-01,479217.8812095032,369900.0,463
1996-12-01,493519.47647058824,415000.0,510
1997-01-01,501208.71461716935,420000.0,431
1997-02-01,497972.0977443609,399000.0,399
1997-03-01,506084.3574297189,404950.0,498
1997-04-01,471773.99806949805,367000.0,518
1997-05-01,496325.78827977314,409000.0,529
1997-06-01,496202.01712328766,412500.0,584
1997-07-01,482867.16228070174,399999.0,684
1997-08-01,501227.4112903226,400000.0,620
1997-09-01,499649.2524115756,399450.0,622
1997-10-01,477855.94867807155,389999.0,643
1997-11-01,498903.341509434,397312.5,530
1997-12-01,485730.3740095087,370000.0,631
1998-01-01,479934.30322580645,399999.0,465
1998-02-01,449278.99377593363,349900.0,482
1998-03-01,481020.47130434786,395000.0,575
1998-04-01,485940.87351190473,398500.0,672
1998-05-01,482233.40597014927,398950.0,670
1998-06-01,503811.1144736842,409500.0,760
1998-07-01,478026.7875,395000.0,720
1998-08-01,465039.36548913043,359999.5,736
1998-09-01,473756.2562962963,395000.0,675
1998-10-01,490939.21104815864,399900.0,706
1998-11-01,490160.69624573376,399949.5,586
1998-12-01,508713.22597402596,420000.0,770
1999-01-01,516268.14081632654,417000.0,490
1999-02-01,461594.01484230056,365000.0,539
1999-03-01,488371.39743589744,398500.0,702
1999-04-01,481225.34818941506,377000.0,718
1999-05-01,485728.6352785146,399000.0,754
1999-06-01,488633.2025611176,397000.0,859
1999-07-01,478939.0389768575,379000.0,821
1999-08-01,504220.3320987654,409950.0,810
1999-09-01,478408.62208588957,375000.0,815
1999-10-01,486357.0186915888,399000.0,749
1999-11-01,474336.0794797688,375000.0,692
1999-12-01,487359.4322396576,390000.0,701
2000-01-01,500786.0,414000.0,564
2000-02-01,501236.1505376344,399900.0,558
2000-03-01,495636.1327683616,399450.0,708
2000-04-01,478616.3930942895,390000.0,753
2000-05-01,450224.4203894616,365000.0,873
2000-06-01,489544.24170124484,399450.0,964
2000-07-01,479699.18652849743,399900.0,772
2000-08-01,479358.9456521739,380000.0,920
2000-09-01,471749.66329113924,388750.0,790
2000-10-01,460553.33037974685,370000.0,790
2000-11-01,507935.62518089724,425000.0,691
2000-12-01,468358.6549295775,357700.0,710
2001-01-01,467529.374617737,359900.0,654
2001-02-01,477847.3145869947,383750.0,569
2001-03-01,489134.53280839894,396250.0,762
2001-04-01,460450.300405954,369900.0,739
2001-05-01,453015.1370023419,350000.0,854
2001-06-01,477801.19803063455,397750.0,914
2001-07-01,481331.1596091205,389900.0,921
2001-08-01,457071.3093306288,365000.0,986
2001-09-01,464389.2470892626,375000.0,773
2001-10-01,469319.45720476704,375000.0,923
2001-11-01,459476.35425383545,360000.0,717
2001-12-01,478070.54370179947,396000.0,778
2002-01-01,474760.73035230354,394999.5,738
2002-02-01,467043.2665764547,369900.0,739
2002-03-01,479207.44988066825,392450.0,838
2002-04-01,469736.28343313374,375000.0,1002
2002-05-01,456821.52554027503,350000.0,1018
2002-06-01,480523.68690702086,399000.0,1054
2002-07-01,483710.0962566845,399900.0,1122
2002-08-01,463160.5753554502,389000.0,1055
2002-09-01,451751.0010526316,362500.0,950
2002-10-01,476416.6615384615,375000.0,975
2002-11-01,439493.51020408166,350000.0,833
2002-12-01,455622.45154639176,359950.0,970
2003-01-01,452455.9285714286,359950.0,854
2003-02-01,472253.40588988474,396000.0,781
2003-03-01,469059.94683026586,377000.0,978
2003-04-01,450411.05511022045,359900.0,998
2003-05-01,449001.97122302157,359450.0,1112
2003-06-01,456830.3423271501,354250.0,1186
2003-07-01,467179.0366900859,379990.0,1281
2003-08-01,454994.07265625,364950.0,1280
2003-09-01,454083.09523809527,369900.0,1428
2003-10-01,428226.96628455835,334900.0,1483
2003-11-01,413006.6693548387,320000.0,1116
2003-12-01,421270.7768895349,339900.0,1376
2004-01-01,404453.82378854626,312990.0,1135
2004-02-01,407983.0382165605,335000.0,1099
2004-03-01,424686.97854356305,320000.0,1538
2004-04-01,418281.6522544781,329000.0,1619
2004-05-01,398796.54490291263,299000.0,1648
2004-06-01,416954.1493839836,330000.0,1948
2004-07-01,417677.6540880503,324950.0,1908
2004-08-01,408840.2261964735,325000.0,1985
2004-09-01,394131.43261608155,310000.0,1766
2004-10-01,398997.51200480195,319450.0,1666
2004-11-01,430761.08397932816,330000.0,1548
2004-12-01,393729.0535714286,315000.0,1792
2005-01-01,423464.6063756064,335000.0,1443
2005-02-01,380966.41650422354,289500.0,1539
2005-03-01,392253.82473710563,299000.0,1997
2005-04-01,368099.5262424524,275000.0,2153
2005-05-01,371462.270432178,275000.0,2337
2005-06-01,381993.0776273885,285000.0,2512
2005-07-01,382467.0764933391,290000.0,2327
2005-08-01,383447.6885496183,295000.0,2620
2005-09-01,384297.3882508834,285000.0,2264
2005-10-01,383385.04699612403,300000.0,2064
2005-11-01,383977.6761603376,288250.0,1896
2005-12-01,397141.38577912253,310000.0,1983
2006-01-01,376851.0258780037,289900.0,1623
2006-02-01,389938.06371911574,299900.0,1538
2006-03-01,383119.1329597555,290000.0,1963
2006-04-01,386101.61089918256,289879.0,1835
2006-05-01,390746.3255159475,299900.0,2132
2006-06-01,402385.3111413043,310000.0,2208
2006-07-01,400649.2233160622,315000.0,1930
2006-08-01,401656.9531324725,315000.0,2091
2006-09-01,400937.634529148,315000.0,1784
2006-10-01,389403.51758499414,307500.0,1706
2006-11-01,389757.97897503286,299000.0,1522
2006-12-01,425806.1636481242,338500.0,1546
2007-01-01,386761.0775805391,305000.0,1521
2007-02-01,395694.29505703424,289900.0,1315
2007-03-01,415985.0550458716,339000.0,1635
2007-04-01,406244.31683804624,310000.0,1556
2007-05-01,405017.4119318182,312450.0,1760
2007-06-01,424630.17321997875,325000.0,1882
2007-07-01,410269.83573008847,311000.0,1808
2007-08-01,411600.575436739,320000.0,1889
2007-09-01,411033.68292682926,320000.0,1394
2007-10-01,412107.8956406869,309950.0,1514
2007-11-01,413476.30277544155,319900.0,1189
2007-12-01,418324.3195706028,325000.0,1211
2008-01-01,428063.4935511608,320000.0,1163
2008-02-01,419388.5575471698,327250.0,1060
2008-03-01,425863.3412073491,329000.0,1143
2008-04-01,396221.3335740072,295000.0,1385
2008-05-01,418808.3603209336,325000.0,1371
2008-06-01,426679.1541143654,347000.0,1434
2008-07-01,426415.3061911171,332813.0,1486
2008-08-01,425533.75587566337,329900.0,1319
2008-09-01,434620.7992537313,339850.0,1340
2008-10-01,406958.6216436127,325000.0,1229
2008-11-01,430427.49553571426,349900.0,896
2008-12-01,432016.85804701626,355000.0,1106
2009-01-01,411415.8369565217,327000.0,828
2009-02-01,415075.8373015873,325000.0,756
2009-03-01,396117.72286821704,309945.0,1032
2009-04-01,399651.07570093457,310000.0,1070
2009-05-01,416215.4757548033,329000.0,1093
2009-06-01,432118.78412698413,350000.0,1260
2009-07-01,426836.9423076923,348200.0,1404
2009-08-01,450132.43110394845,360000.0,1241
2009-09-01,416888.2862807296,329900.0,1261
2009-10-01,419695.6265432099,349900.0,1296
2009-11-01,409870.0925,315000.0,1200
2009-12-01,442879.5998487141,349700.0,1322
2010-01-01,443804.93378995435,349900.0,876
2010-02-01,447169.48056537105,350000.0,849
2010-03-01,440142.63157894736,350000.0,1178
2010-04-01,413706.47880690737,310000.0,1274
2010-05-01,423555.0028860029,335000.0,1386
2010-06-01,441576.2501461134,350000.0,1711
2010-07-01,448423.7726510067,369900.0,1192
2010-08-01,438308.18642611685,345000.0,1164
2010-09-01,436812.5822906641,345000.0,1039
2010-10-01,428475.79450757575,329495.0,1056
2010-11-01,464543.8028985507,369999.0,1035
2010-12-01,476795.4751131222,379000.0,1105
2011-01-01,466788.96914893616,392500.0,940
2011-02-01,451715.03504928807,360000.0,913
2011-03-01,469943.04822335026,365000.0,1182
2011-04-01,474705.80083333334,375000.0,1200
2011-05-01,451435.0757002271,359000.0,1321
2011-06-01,473072.360891445,385000.0,1391
2011-07-01,474856.65073848824,365000.0,1151
2011-08-01,464676.60223880596,369000.0,1340
2011-09-01,461102.1558219178,375000.0,1168
2011-10-01,466677.82337434095,389000.0,1138
2011-11-01,477642.89616463985,394900.0,1069
2011-12-01,461891.48208469053,375000.0,1228
2012-01-01,462307.7945066124,375000.0,983
2012-02-01,455077.87272727274,360000.0,990
2012-03-01,476769.55907335907,385000.0,1295
2012-04-01,465502.67843137257,380000.0,1275
2012-05-01,475009.36761904764,395000.0,1575
2012-06-01,485516.8061674009,395000.0,1589
2012-07-01,489702.3797979798,395000.0,1485
2012-08-01,468978.94180225284,374900.0,1598
2012-09-01,484883.45062179957,387000.0,1367
2012-10-01,477092.93864229764,385000.0,1532
2012-11-01,478983.27088036115,389900.0,1329
2012-12-01,485840.49035262805,395000.0,1503
2013-01-01,479507.16355140187,385000.0,1284
2013-02-01,472667.7045274027,379900.0,1259
2013-03-01,490351.8058064516,399900.0,1550
2013-04-01,477865.19725274725,379997.5,1820
2013-05-01,494075.6145728643,399900.0,1990
2013-06-01,484085.79112944816,393500.0,1939
2013-07-01,493449.6343503937,399999.5,2032
2013-08-01,488363.82221185253,388000.0,2143
2013-09-01,501555.70918086864,412000.0,1819
2013-10-01,494548.8644957983,399900.0,1904
2013-11-01,474157.2594627595,379949.5,1638
2013-12-01,479196.8899082569,389000.0,1744
2014-01-01,453516.3433777155,359900.0,1427
2014-02-01,471095.2449888642,375000.0,1347
2014-03-01,486884.4078116025,395000.0,1741
2014-04-01,481353.5365976779,380000.0,1981
2014-05-01,488037.14621284755,399000.0,2086
2014-06-01,484433.13013402506,399000.0,2313
2014-07-01,472711.2486350273,390000.0,2381
2014-08-01,470118.09834638814,387500.0,2298
2014-09-01,472760.61222540593,385000.0,2094
2014-10-01,477956.8671390611,379000.0,2258
2014-11-01,485685.5579499126,398250.0,1717
2014-12-01,475727.8555456172,385000.0,2236
2015-01-01,476205.1203400916,375000.0,1529
2015-02-01,459225.57490636705,375000.0,1602
2015-03-01,470289.73441004934,384900.0,2229
2015-04-01,469335.98737270874,389000.0,2455
2015-05-01,482276.1331967213,399000.0,2440
2015-06-01,477326.22342165525,390000.0,3057
2015-07-01,486638.8969320924,399000.0,2901
2015-08-01,479789.44790465204,390000.0,2601
2015-09-01,480715.57713858795,399000.0,2677
2015-10-01,466625.9432813095,379900.0,2627
2015-11-01,472434.2256993836,389900.0,2109
2015-12-01,483628.14188919886,399000.0,2509
2016-01-01,457847.83533260634,371500.0,1834
2016-02-01,468752.5171005615,385000.0,1959
2016-03-01,465517.03470883146,386000.0,2593
2016-04-01,463428.82074074075,385000.0,2700
2016-05-01,471882.5087605451,389000.0,3082
2016-06-01,476841.18680709536,389900.0,3608
2016-07-01,465643.8723737849,385000.0,3189
2016-08-01,466386.59441805223,385000.0,3368
2016-09-01,469880.54256410256,387000.0,2925
2016-10-01,464012.34281598846,377228.0,2777
2016-11-01,454303.8826958106,375000.0,2745
2016-12-01,479518.7658468999,395900.0,2887
2017-01-01,458629.3968819599,369900.0,2245
2017-02-01,476069.57345132745,380500.0,2260
2017-03-01,475098.796689569,389850.0,3202
2017-04-01,463665.29402313626,375000.0,3112
2017-05-01,471771.0064951936,380000.0,3849
2017-06-01,471899.6567858893,380000.0,4082
2017-07-01,465201.6666666667,385000.0,3480
2017-08-01,467538.55237242614,384900.0,3351
2017-09-01,453386.85072281584,369000.0,3182
2017-10-01,464880.95701754384,385000.0,3420
2017-11-01,459246.5898174832,375000.0,3123
2017-12-01,466184.6562807478,377500.0,3049
2018-01-01,464024.2729241877,375000.0,2770
2018-02-01,461354.0077790743,379900.0,2571
2018-03-01,464514.40022707917,375000.0,3523
2018-04-01,465063.4434340733,385000.0,3739
2018-05-01,456726.4445442299,379000.0,4454
2018-06-01,459296.2634265424,379900.0,4506
2018-07-01,451514.9129032258,375000.0,4340
2018-08-01,450979.1339389704,375000.0,4293
2018-09-01,448665.95178258326,369000.0,3422
2018-10-01,444146.94796025107,360000.0,3824
2018-11-01,451779.53170874924,370000.0,3406
2018-12-01,446428.3145901154,365000.0,3379
2019-01-01,444248.74907612713,350000.0,2706
2019-02-01,449393.5498554913,370000.0,2768
2019-03-01,439666.4555349084,365000.0,3767
2019-04-01,448114.13378411013,365000.0,4141
2019-05-01,449190.53930266143,374900.0,4847
2019-06-01,450639.7792891619,379900.0,4558
2019-07-01,451178.68736051937,379900.0,4929
2019-08-01,448498.68722968356,375000.0,4393
2019-09-01,441813.30946356273,369900.0,3952
2019-10-01,443864.05389965227,369000.0,4026
2019-11-01,452284.21986394556,380000.0,3675
2019-12-01,456262.0872883377,375000.0,4193
2020-01-01,453274.0848200313,379900.0,3195
2020-02-01,452803.63061968406,379900.0,3292
2020-03-01,456691.55318574514,379900.0,3704
2020-04-01,455724.6541163248,389900.0,3559
2020-05-01,441243.8750393453,375000.0,3177
2020-06-01,421365.35051835247,355000.0,3569
2020-07-01,446944.2427640156,375000.0,3835
2020-08-01,435873.22205925494,359900.0,3409
2020-09-01,446397.24554455443,375000.0,3535
2020-10-01,446318.7098540146,365000.0,4384
2020-11-01,446365.1300361211,365000.0,3599
2020-12-01,443208.1340963075,359311.0,4631
2021-01-01,454907.6247654784,370000.0,3731
2021-02-01,442672.6216216216,350000.0,3626
2021-03-01,450788.692812842,369900.0,5482
2021-04-01,452135.57540214475,369000.0,5968
2021-05-01,444122.36782423814,349990.0,5644
2021-06-01,436667.8939868462,349900.0,6386
2021-07-01,431037.3795645466,349000.0,5833
2021-08-01,429063.3669583119,350000.0,5829
2021-09-01,421498.3,345000.0,5630
2021-10-01,386422.73664248805,319900.0,21093
2021-11-01,393514.2162281321,319000.0,113408
2021-12-01,405576.41762987425,328500.0,133841
2022-01-01,398585.85946725385,325000.0,102638
2022-02-01,413349.0664394196,340000.0,115293
2022-03-01,429935.4623329248,354999.0,173799
2022-04-01,433601.5753517817,359000.0,199982
2022-05-01,522655.0662155325,450000.0,15812
2022-06-01,460158.82201509096,399900.0,2253
2022-07-01,442669.9973666886,385000.0,1519
2022-08-01,455343.70843091334,411515.0,854
2022-09-01,543637.3257575758,460074.5,528
2022-10-01,542261.3231197771,472990.0,359
2022-11-01,593251.5642201835,538150.0,218
2022-12-01,627265.7272727273,599137.5,308
2023-01-01,641892.2931034482,597372.5,58
2023-02-01,526500.8711656441,462990.0,163
2023-03-01,537322.447368421,489445.0,228
2023-04-01,592817.0777777778,514490.0,90
2023-05-01,647725.0,657725.0,11
2023-06-01,586631.6666666666,468195.0,6
2023-07-01,571250.0,571250.0,2
2023-08-01,355900.0,355900.0,1
2023-09-01,955166.6666666666,988000.0,3
2023-10-01,385000.0,385000.0,1
2023-11-01,159500.0,159500.0,1
2023-12-01,715812.5,641232.5,6
2024-03-01,409000.0,409000.0,1
2024-04-01,459900.0,459900.0,1
2024-10-01,108000.0,108000.0,2
2024-12-01,624990.0,624990.0,1
2026-04-01,235000.0,235000.0,1
